property_id,area_sqft,bedrooms,bathrooms,age_years,neighborhood,garage,distance_to_center_km,price
P00000,1361.0,2,2,5.0,Riverside,Yes,14.5,211000.0
P00001,938.0,1,1,12.0,Old Town,Yes,12.7,116800.0
P00002,1246.0,2,1,49.0,Greenfield,Yes,15.7,101000.0
P00003,1948.0,3,1,66.0,Harbour,No,7.2,260500.0
P00004,2125.0,3,2,29.0,Old Town,Yes,7.9,269400.0
P00005,2336.0,3,1,59.0,Harbour,Yes,1.5,356200.0
P00006,1916.0,3,2,1.0,Hillcrest,Yes,6.7,307400.0
P00007,1313.0,2,1,33.0,Old Town,Yes,17.5,143200.0
P00008,1979.0,3,2,45.0,Eastgate,No,3.3,186500.0
P00009,1649.0,4,2,56.0,Harbour,Yes,12.9,288600.0
P00010,2907.0,5,3,20.0,Eastgate,Yes,6.8,324500.0
P00011,621.0,1,1,44.0,Old Town,Yes,21.7,40000.0
P00012,2530.0,3,1,14.0,Hillcrest,No,9.2,345400.0
P00013,2093.0,3,2,4.0,Hillcrest,No,3.4,306600.0
P00014,1905.0,4,2,28.0,Riverside,Yes,14.8,297500.0
P00015,1646.0,3,2,21.0,Hillcrest,Yes,7.2,264800.0
P00016,1402.0,2,1,17.0,Old Town,Yes,11.6,179300.0
P00017,1193.0,2,1,3.0,Harbour,Yes,3.4,243200.0
P00018,885.0,2,1,54.0,Eastgate,No,4.5,112100.0
P00019,2756.0,5,2,44.0,Old Town,No,2.4,350800.0
P00020,2184.0,3,3,41.0,Hillcrest,No,4.1,296400.0
P00021,2047.0,2,1,59.0,Riverside,Yes,11.0,265900.0
P00022,1886.0,5,3,17.0,Greenfield,Yes,10.7,259400.0
P00023,701.0,2,1,10.0,Old Town,Yes,4.9,95400.0
P00024,1554.0,2,1,68.0,Riverside,No,7.6,156000.0
P00025,1763.0,4,3,8.0,Harbour,Yes,3.5,361300.0
P00026,2302.0,3,2,11.0,Harbour,No,10.8,383300.0
P00027,1179.0,3,2,4.0,Harbour,Yes,2.8,255100.0
P00028,1842.0,3,3,52.0,Harbour,Yes,3.9,344600.0
P00029,1577.0,3,2,35.0,Riverside,No,3.2,238300.0
P00030,1717.0,3,2,40.0,Eastgate,No,15.1,141700.0
P00031,1296.0,2,1,68.0,Eastgate,No,2.7,107500.0
P00032,1890.0,4,2,5.0,Greenfield,No,9.5,254800.0
P00033,1745.0,4,3,66.0,Greenfield,Yes,6.3,184600.0
P00034,730.0,2,2,4.0,Old Town,No,7.8,96400.0
P00035,2335.0,4,3,46.0,Hillcrest,Yes,1.8,325100.0
P00036,2847.0,4,2,62.0,Hillcrest,No,5.3,369900.0
P00037,1248.0,3,2,23.0,Greenfield,Yes,7.5,179300.0
P00038,2303.0,4,2,23.0,Harbour,Yes,11.8,395900.0
P00039,1196.0,2,2,61.0,Greenfield,Yes,4.3,147900.0
P00040,1430.0,2,1,66.0,Harbour,Yes,5.2,182800.0
P00041,2622.0,4,2,1.0,Eastgate,No,20.9,256900.0
P00042,1811.0,3,2,21.0,Greenfield,Yes,4.1,237800.0
P00043,2496.0,3,1,34.0,Greenfield,Yes,6.3,298500.0
P00044,1860.0,3,1,30.0,Harbour,Yes,5.9,344000.0
P00045,2234.0,4,2,40.0,Eastgate,Yes,7.2,211900.0
P00046,1623.0,3,1,61.0,Eastgate,Yes,8.2,150700.0
P00047,2455.0,3,3,69.0,Harbour,Yes,8.1,386100.0
P00048,2640.0,4,3,1.0,Harbour,Yes,5.7,533600.0
P00049,2064.0,3,2,24.0,Riverside,No,6.2,285800.0
P00050,1417.0,3,1,0.0,Eastgate,Yes,5.4,148100.0
P00051,1520.0,1,1,68.0,Hillcrest,Yes,3.4,196600.0
P00052,1222.0,1,1,47.0,Eastgate,Yes,4.3,129100.0
P00053,2028.0,4,2,27.0,Hillcrest,Yes,10.5,310000.0
P00054,1985.0,4,2,25.0,Eastgate,No,7.1,203900.0
P00055,1351.0,1,1,66.0,Riverside,No,2.2,162300.0
P00056,2192.0,5,2,39.0,Eastgate,Yes,5.9,236600.0
P00057,1414.0,3,2,41.0,Old Town,Yes,14.2,149900.0
P00058,2661.0,5,3,66.0,Harbour,Yes,7.1,441000.0
P00059,2145.0,2,1,22.0,Harbour,Yes,18.2,320700.0
P00060,2543.0,4,2,20.0,Old Town,No,11.8,314200.0
P00061,1346.0,2,2,38.0,Riverside,Yes,6.1,188400.0
P00062,1199.0,2,2,13.0,Eastgate,Yes,4.0,129800.0
P00063,768.0,1,1,43.0,Greenfield,Yes,3.6,85800.0
P00064,2054.0,5,2,12.0,Eastgate,Yes,8.4,255100.0
P00065,1134.0,1,1,27.0,Riverside,No,1.3,175000.0
P00066,2417.0,4,2,46.0,Harbour,Yes,9.7,417300.0
P00067,1794.0,4,2,9.0,Harbour,Yes,10.9,316000.0
P00068,2117.0,4,2,21.0,Old Town,Yes,8.8,309300.0
P00069,1053.0,2,1,1.0,Greenfield,No,5.6,148600.0
P00070,1412.0,2,2,39.0,Harbour,Yes,3.2,248200.0
P00071,1816.0,3,2,36.0,Hillcrest,Yes,3.0,246600.0
P00072,2104.0,3,2,16.0,Riverside,No,2.2,282400.0
P00073,1052.0,1,1,66.0,Eastgate,Yes,4.4,78200.0
P00074,1900.0,4,3,23.0,Harbour,Yes,10.4,335100.0
P00075,1292.0,2,1,8.0,Old Town,Yes,8.0,197800.0
P00076,2144.0,3,2,42.0,Riverside,Yes,8.1,288500.0
P00077,1604.0,2,1,19.0,Eastgate,Yes,1.0,186100.0
P00078,1568.0,2,1,68.0,Eastgate,No,11.7,98500.0
P00079,1949.0,2,1,38.0,Hillcrest,Yes,11.0,218600.0
P00080,2323.0,3,2,43.0,Harbour,Yes,7.0,376300.0
P00081,1597.0,3,1,13.0,Riverside,Yes,11.6,242000.0
P00082,2359.0,5,3,43.0,Old Town,Yes,19.1,318000.0
P00083,1205.0,2,1,31.0,Harbour,No,4.3,195000.0
P00084,1870.0,2,1,14.0,Harbour,Yes,10.7,333800.0
P00085,1142.0,3,1,60.0,Riverside,Yes,5.1,158300.0
P00086,1833.0,3,2,26.0,Hillcrest,No,4.0,248800.0
P00087,1249.0,1,1,30.0,Old Town,No,7.9,125300.0
P00088,1741.0,2,2,11.0,Riverside,No,11.0,258100.0
P00089,2045.0,4,2,57.0,Greenfield,Yes,13.0,217600.0
P00090,1222.0,3,1,53.0,Harbour,No,6.0,131600.0
P00091,813.0,1,1,65.0,Riverside,Yes,12.6,40000.0
P00092,1631.0,2,1,54.0,Hillcrest,No,2.5,201700.0
P00093,1992.0,3,2,63.0,Greenfield,Yes,1.8,231500.0
P00094,1842.0,2,2,65.0,Old Town,Yes,7.8,245600.0
P00095,1251.0,2,1,26.0,Old Town,No,6.4,138500.0
P00096,2154.0,4,3,38.0,Hillcrest,No,12.1,305900.0
P00097,1571.0,2,1,50.0,Riverside,No,5.9,193500.0
P00098,2118.0,4,2,38.0,Riverside,No,14.8,297200.0
P00099,1263.0,1,1,25.0,Harbour,No,13.8,161500.0
P00100,1949.0,4,3,17.0,Eastgate,Yes,6.3,249000.0
P00101,2330.0,4,2,54.0,Old Town,No,6.4,295100.0
P00102,1377.0,2,1,7.0,Eastgate,Yes,4.8,146800.0
P00103,1569.0,2,2,45.0,Old Town,Yes,2.0,204800.0
P00104,2041.0,3,2,49.0,Eastgate,Yes,2.9,204000.0
P00105,1990.0,4,2,47.0,Hillcrest,Yes,3.8,283300.0
P00106,1903.0,3,2,48.0,Hillcrest,Yes,6.8,258400.0
P00107,1655.0,4,2,18.0,Greenfield,Yes,2.6,225000.0
P00108,909.0,2,2,42.0,Riverside,Yes,6.6,118200.0
P00109,1715.0,3,2,22.0,Harbour,No,15.8,263200.0
P00110,1049.0,3,3,18.0,Riverside,No,8.6,139400.0
P00111,1761.0,1,1,64.0,Riverside,Yes,6.5,219100.0
P00112,506.0,1,1,7.0,Greenfield,Yes,10.4,68300.0
P00113,2460.0,4,2,55.0,Hillcrest,Yes,6.4,275600.0
P00114,2700.0,5,4,23.0,Greenfield,Yes,7.7,345900.0
P00115,1946.0,4,3,23.0,Harbour,No,12.5,331400.0
P00116,1277.0,2,1,26.0,Riverside,Yes,3.3,156700.0
P00117,1559.0,2,2,49.0,Old Town,Yes,5.7,200900.0
P00118,2174.0,4,2,25.0,Hillcrest,Yes,10.4,330100.0
P00119,2055.0,3,1,5.0,Harbour,No,3.7,371200.0
P00120,1354.0,2,1,58.0,Hillcrest,Yes,6.2,170600.0
P00121,2335.0,4,2,21.0,Harbour,Yes,4.3,427600.0
P00122,2089.0,3,2,64.0,Eastgate,Yes,8.9,206700.0
P00123,1991.0,3,2,29.0,Greenfield,Yes,5.8,262400.0
P00124,1532.0,3,2,63.0,Harbour,Yes,2.8,239900.0
P00125,1713.0,2,1,39.0,Greenfield,No,4.2,183900.0
P00126,1347.0,2,1,31.0,Old Town,Yes,8.8,135300.0
P00127,1811.0,3,1,47.0,Riverside,Yes,8.1,224800.0
P00128,1373.0,2,1,37.0,Old Town,No,1.9,181700.0
P00129,2319.0,4,3,5.0,Eastgate,No,11.9,271600.0
P00130,1734.0,2,1,7.0,Harbour,Yes,13.7,273600.0
P00131,1822.0,4,3,30.0,Riverside,No,7.0,257300.0
P00132,1883.0,4,3,67.0,Greenfield,Yes,2.7,190900.0
P00133,1879.0,3,2,14.0,Riverside,No,4.5,318300.0
P00134,978.0,2,2,15.0,Hillcrest,Yes,13.0,144700.0
P00135,2373.0,2,1,68.0,Harbour,Yes,4.2,383700.0
P00136,1763.0,4,2,45.0,Hillcrest,No,7.1,251700.0
P00137,1429.0,2,1,3.0,Hillcrest,Yes,12.1,239900.0
P00138,1213.0,2,1,34.0,Hillcrest,Yes,8.9,166400.0
P00139,1361.0,1,2,22.0,Hillcrest,Yes,7.4,179600.0
P00140,1396.0,3,2,31.0,Eastgate,Yes,6.2,144300.0
P00141,1718.0,2,1,18.0,Old Town,No,7.9,232200.0
P00142,1268.0,2,1,12.0,Greenfield,No,6.1,123000.0
P00143,1768.0,4,3,9.0,Eastgate,Yes,0.6,237000.0
P00144,1786.0,4,2,23.0,Riverside,Yes,19.9,251900.0
P00145,1355.0,1,1,19.0,Old Town,Yes,4.2,204100.0
P00146,2850.0,4,3,,Hillcrest,Yes,2.4,397200.0
P00147,1649.0,3,2,13.0,Old Town,No,7.5,212600.0
P00148,1883.0,3,2,57.0,Greenfield,Yes,6.1,229700.0
P00149,1767.0,4,3,42.0,Greenfield,No,4.3,158700.0
P00150,1627.0,2,1,20.0,Old Town,No,3.4,228100.0
P00151,2056.0,2,1,38.0,Harbour,No,3.9,319100.0
P00152,2419.0,3,2,43.0,Riverside,Yes,5.0,351600.0
P00153,1670.0,3,3,46.0,Harbour,Yes,7.9,294600.0
P00154,1265.0,2,1,4.0,Hillcrest,Yes,1.3,197300.0
P00155,1989.0,4,3,69.0,Hillcrest,No,17.6,232200.0
P00156,597.0,2,1,33.0,Greenfield,No,7.9,49500.0
P00157,1787.0,3,2,26.0,Greenfield,No,6.9,225400.0
P00158,1608.0,3,2,26.0,Old Town,Yes,9.1,202800.0
P00159,1872.0,4,3,59.0,Greenfield,No,18.2,173300.0
P00160,926.0,1,1,69.0,Harbour,No,15.0,81800.0
P00161,1479.0,2,1,48.0,Greenfield,Yes,10.3,153700.0
P00162,1174.0,2,2,58.0,Harbour,No,20.3,105300.0
P00163,1424.0,3,1,54.0,Old Town,Yes,1.7,160800.0
P00164,2004.0,4,2,,Eastgate,Yes,3.9,226700.0
P00165,1598.0,4,2,47.0,Eastgate,Yes,4.3,172100.0
P00166,1391.0,1,1,40.0,Harbour,No,10.1,152300.0
P00167,2307.0,5,3,3.0,Old Town,Yes,9.7,354200.0
P00168,1704.0,2,1,58.0,Harbour,Yes,5.0,243500.0
P00169,654.0,1,1,65.0,Greenfield,No,12.9,40000.0
P00170,1158.0,2,1,27.0,Eastgate,Yes,7.2,114500.0
P00171,1905.0,2,1,42.0,Riverside,Yes,3.3,294700.0
P00172,1918.0,2,2,19.0,Greenfield,No,6.5,219600.0
P00173,1805.0,2,2,67.0,Eastgate,Yes,2.3,162800.0
P00174,1825.0,4,2,4.0,Riverside,No,12.8,290900.0
P00175,1227.0,3,2,65.0,Greenfield,No,9.5,96100.0
P00176,1639.0,2,2,20.0,Eastgate,Yes,4.3,148900.0
P00177,1076.0,2,1,3.0,Eastgate,Yes,8.0,122500.0
P00178,1256.0,2,1,15.0,Harbour,No,8.6,187000.0
P00179,1216.0,2,1,18.0,Old Town,No,7.4,136300.0
P00180,1252.0,2,1,29.0,Eastgate,No,12.7,125600.0
P00181,1506.0,4,3,32.0,Greenfield,Yes,13.8,190400.0
P00182,1564.0,2,1,1.0,Greenfield,Yes,2.4,201100.0
P00183,1268.0,3,2,59.0,Hillcrest,Yes,5.6,147600.0
P00184,2232.0,3,2,42.0,Harbour,No,9.9,370800.0
P00185,1443.0,3,2,10.0,Eastgate,Yes,2.6,191200.0
P00186,2465.0,4,3,10.0,Greenfield,Yes,10.0,296200.0
P00187,2189.0,5,3,41.0,Old Town,No,0.6,320700.0
P00188,1052.0,1,1,52.0,Greenfield,No,5.9,74000.0
P00189,2128.0,4,2,15.0,Riverside,Yes,7.4,340400.0
P00190,954.0,2,1,24.0,Eastgate,No,15.6,89400.0
P00191,2413.0,4,2,27.0,Harbour,No,8.2,416800.0
P00192,1837.0,4,2,57.0,Greenfield,Yes,13.2,183200.0
P00193,1158.0,3,1,21.0,Hillcrest,Yes,8.3,165000.0
P00194,543.0,2,1,36.0,Hillcrest,No,3.2,67500.0
P00195,1460.0,3,1,8.0,Greenfield,No,12.3,165900.0
P00196,970.0,3,1,18.0,Riverside,No,10.3,139900.0
P00197,2224.0,4,2,61.0,Eastgate,Yes,5.8,205200.0
P00198,1023.0,3,2,28.0,Hillcrest,Yes,4.2,183800.0
P00199,1542.0,3,3,46.0,Eastgate,Yes,4.3,191300.0
P00200,1910.0,3,1,12.0,Hillcrest,Yes,13.1,252700.0
P00201,1663.0,2,1,64.0,Hillcrest,No,16.8,122100.0
P00202,1790.0,4,3,52.0,Riverside,Yes,16.1,241600.0
P00203,1529.0,3,1,12.0,Greenfield,Yes,10.4,206500.0
P00204,2025.0,3,1,30.0,Hillcrest,Yes,6.6,282100.0
P00205,1176.0,2,1,45.0,Riverside,No,18.4,103800.0
P00206,1945.0,4,2,58.0,Greenfield,Yes,7.9,224800.0
P00207,1036.0,1,1,39.0,Riverside,No,5.7,89000.0
P00208,1744.0,2,1,10.0,Old Town,Yes,2.5,250000.0
P00209,1068.0,2,1,62.0,Hillcrest,Yes,2.9,116800.0
P00210,1548.0,3,2,25.0,Harbour,Yes,11.1,253900.0
P00211,1952.0,2,2,13.0,Old Town,No,5.4,277100.0
P00212,2284.0,3,2,23.0,Old Town,No,1.8,300100.0
P00213,727.0,1,1,16.0,Harbour,Yes,15.3,85700.0
P00214,1256.0,3,1,16.0,Harbour,No,6.2,222700.0
P00215,1150.0,2,2,28.0,Harbour,No,2.8,203200.0
P00216,2270.0,2,1,28.0,Harbour,Yes,10.0,363900.0
P00217,1204.0,3,3,69.0,Hillcrest,Yes,2.6,163300.0
P00218,2009.0,3,1,8.0,Eastgate,Yes,3.5,232600.0
P00219,1384.0,2,2,14.0,Greenfield,No,3.1,181900.0
P00220,908.0,1,1,12.0,Riverside,No,3.7,113100.0
P00221,1704.0,4,2,35.0,Old Town,Yes,2.8,260800.0
P00222,1063.0,2,1,68.0,Eastgate,Yes,2.9,119300.0
P00223,2021.0,4,3,19.0,Hillcrest,No,9.8,299900.0
P00224,2071.0,4,3,21.0,Riverside,Yes,6.6,344800.0
P00225,2329.0,4,2,2.0,Harbour,Yes,5.1,469800.0
P00226,1126.0,2,2,39.0,Eastgate,Yes,2.6,129700.0
P00227,2453.0,5,3,58.0,Hillcrest,Yes,10.0,323000.0
P00228,2141.0,3,2,13.0,Eastgate,Yes,16.1,218600.0
P00229,726.0,1,1,30.0,Eastgate,No,7.4,40700.0
P00230,2781.0,4,3,37.0,Riverside,Yes,6.3,456600.0
P00231,2509.0,5,3,25.0,Harbour,Yes,4.3,451300.0
P00232,1113.0,2,1,58.0,Riverside,Yes,9.9,144200.0
P00233,1813.0,2,1,62.0,Greenfield,No,9.7,150600.0
P00234,956.0,2,1,50.0,Riverside,Yes,8.8,115200.0
P00235,1576.0,2,1,45.0,Riverside,Yes,11.4,191800.0
P00236,1740.0,2,2,3.0,Harbour,No,4.7,320400.0
P00237,1962.0,3,1,66.0,Eastgate,Yes,4.0,199100.0
P00238,1221.0,1,1,64.0,Harbour,Yes,13.8,137600.0
P00239,1630.0,1,1,11.0,Greenfield,No,9.9,155700.0
P00240,1166.0,3,1,26.0,Harbour,Yes,10.3,186200.0
P00241,1841.0,3,2,54.0,Riverside,Yes,3.1,272800.0
P00242,1985.0,3,1,4.0,Greenfield,Yes,11.8,282500.0
P00243,1681.0,3,2,9.0,Eastgate,No,13.4,160800.0
P00244,2234.0,5,3,47.0,Old Town,Yes,6.7,304100.0
P00245,2032.0,2,1,53.0,Hillcrest,Yes,4.2,241200.0
P00246,1835.0,3,1,17.0,Old Town,Yes,8.3,248900.0
P00247,2240.0,4,2,31.0,Eastgate,No,3.8,244800.0
P00248,1006.0,1,1,63.0,Greenfield,Yes,4.1,68100.0
P00249,1625.0,3,2,62.0,Old Town,Yes,11.7,208000.0
P00250,733.0,1,1,51.0,Riverside,Yes,5.3,99700.0
P00251,1634.0,2,1,25.0,Greenfield,No,1.5,205000.0
P00252,1402.0,2,1,21.0,Eastgate,Yes,7.1,154700.0
P00253,2068.0,4,3,56.0,Greenfield,Yes,7.5,291900.0
P00254,1417.0,2,1,46.0,Harbour,No,4.4,178100.0
P00255,1315.0,2,1,24.0,Old Town,Yes,3.3,170300.0
P00256,1595.0,2,1,69.0,Greenfield,Yes,5.5,192900.0
P00257,1576.0,1,1,5.0,Eastgate,Yes,3.7,150700.0
P00258,1908.0,5,3,19.0,Eastgate,Yes,9.5,228800.0
P00259,1195.0,2,1,42.0,Eastgate,No,16.1,76400.0
P00260,873.0,1,1,18.0,Harbour,Yes,6.2,128900.0
P00261,826.0,2,1,16.0,Old Town,Yes,11.6,87900.0
P00262,2235.0,4,2,55.0,Riverside,Yes,5.3,325900.0
P00263,995.0,2,1,53.0,Greenfield,No,13.9,70100.0
P00264,1405.0,2,1,14.0,Eastgate,Yes,6.0,159600.0
P00265,1076.0,1,1,54.0,Old Town,Yes,3.9,123300.0
P00266,2097.0,3,1,65.0,Greenfield,Yes,2.1,231500.0
P00267,1354.0,2,1,26.0,Old Town,No,7.5,158900.0
P00268,2275.0,3,1,59.0,Old Town,No,10.6,258000.0
P00269,1282.0,2,1,12.0,Harbour,Yes,14.4,194100.0
P00270,1797.0,3,2,57.0,Eastgate,Yes,11.9,137500.0
P00271,2034.0,4,2,56.0,Eastgate,Yes,7.7,214300.0
P00272,2142.0,3,1,58.0,Riverside,Yes,16.7,226000.0
P00273,1031.0,1,1,64.0,Eastgate,No,4.2,73000.0
P00274,1456.0,3,2,30.0,Riverside,No,10.6,225000.0
P00275,1603.0,3,2,65.0,Hillcrest,Yes,5.5,177300.0
P00276,704.0,1,1,36.0,Hillcrest,No,5.4,40000.0
P00277,2011.0,4,3,54.0,Hillcrest,No,13.1,233900.0
P00278,1846.0,3,2,15.0,Harbour,No,14.9,301300.0
P00279,1907.0,3,2,14.0,Hillcrest,Yes,3.9,277300.0
P00280,929.0,2,1,60.0,Harbour,No,15.5,86000.0
P00281,1740.0,3,2,60.0,Eastgate,Yes,14.6,160500.0
P00282,1870.0,4,2,68.0,Greenfield,Yes,4.7,193000.0
P00283,2176.0,4,2,27.0,Greenfield,Yes,7.7,289500.0
P00284,1378.0,2,1,57.0,Eastgate,Yes,2.3,97400.0
P00285,1995.0,3,2,34.0,Eastgate,No,0.8,197700.0
P00286,2656.0,6,4,21.0,Harbour,Yes,8.5,517500.0
P00287,1423.0,2,1,17.0,Hillcrest,No,6.3,210600.0
P00288,1435.0,2,1,52.0,Greenfield,Yes,5.2,164500.0
P00289,1480.0,2,1,53.0,Old Town,No,8.7,173800.0
P00290,879.0,2,1,29.0,Old Town,Yes,3.8,91500.0
P00291,1460.0,3,2,68.0,Greenfield,No,8.0,193400.0
P00292,2483.0,3,1,47.0,Greenfield,No,14.2,235700.0
P00293,1169.0,3,2,25.0,Riverside,Yes,19.1,165100.0
P00294,1548.0,2,1,58.0,Old Town,No,6.1,185100.0
P00295,2263.0,6,3,13.0,Hillcrest,No,3.6,370900.0
P00296,1938.0,3,1,48.0,Old Town,No,5.4,247400.0
P00297,1765.0,4,2,33.0,Eastgate,No,7.4,155000.0
P00298,1476.0,2,1,10.0,Hillcrest,No,8.6,174600.0
P00299,1589.0,3,2,13.0,Riverside,Yes,2.5,270300.0
P00300,1654.0,2,1,20.0,Eastgate,Yes,14.9,145100.0
P00301,2002.0,3,2,10.0,Greenfield,Yes,16.3,247000.0
P00302,1689.0,3,2,13.0,Greenfield,No,7.9,203200.0
P00303,2132.0,4,2,33.0,Old Town,Yes,5.2,276400.0
P00304,689.0,2,1,1.0,Harbour,No,7.0,126800.0
P00305,2070.0,3,2,31.0,Greenfield,No,15.6,197000.0
P00306,1377.0,2,1,8.0,Greenfield,No,11.4,141000.0
P00307,1655.0,2,1,0.0,Greenfield,No,9.8,202400.0
P00308,1431.0,2,1,52.0,Harbour,No,1.9,183300.0
P00309,1979.0,3,2,67.0,Hillcrest,Yes,4.3,251500.0
P00310,1589.0,3,2,16.0,Riverside,Yes,5.2,279900.0
P00311,1971.0,4,2,69.0,Old Town,No,2.3,261300.0
P00312,1236.0,2,2,46.0,Greenfield,Yes,21.2,129000.0
P00313,1747.0,3,3,57.0,Harbour,No,5.6,285400.0
P00314,2281.0,5,2,49.0,Old Town,No,10.1,291400.0
P00315,2223.0,4,1,21.0,Eastgate,No,8.7,199000.0
P00316,1467.0,2,1,22.0,Riverside,Yes,4.6,210300.0
P00317,1723.0,5,3,44.0,Eastgate,Yes,6.3,176300.0
P00318,1460.0,3,2,41.0,Harbour,No,3.2,225500.0
P00319,1589.0,3,2,64.0,Riverside,Yes,9.9,202200.0
P00320,1659.0,5,3,66.0,Greenfield,No,1.4,178700.0
P00321,2273.0,3,2,56.0,Greenfield,Yes,2.1,259600.0
P00322,1950.0,3,2,6.0,Riverside,Yes,1.2,362600.0
P00323,2400.0,3,2,68.0,Eastgate,Yes,3.2,221500.0
P00324,2440.0,4,2,23.0,Greenfield,No,12.7,250300.0
P00325,1001.0,2,2,51.0,Old Town,Yes,6.9,110500.0
P00326,1809.0,2,1,25.0,Harbour,No,6.3,278500.0
P00327,1422.0,2,1,22.0,Greenfield,No,8.5,146500.0
P00328,822.0,1,1,36.0,Harbour,Yes,4.5,159800.0
P00329,1097.0,2,2,19.0,Eastgate,No,3.4,133300.0
P00330,1393.0,3,2,12.0,Old Town,Yes,12.2,228700.0
P00331,2509.0,4,3,16.0,Old Town,Yes,2.3,367700.0
P00332,1696.0,3,2,14.0,Hillcrest,No,3.8,264000.0
P00333,1556.0,2,1,68.0,Greenfield,No,14.9,120800.0
P00334,1637.0,2,2,6.0,Riverside,No,11.2,242600.0
P00335,1267.0,2,1,27.0,Hillcrest,No,7.5,137300.0
P00336,1740.0,2,2,38.0,Greenfield,Yes,1.5,218500.0
P00337,1605.0,3,2,41.0,Riverside,No,12.5,171700.0
P00338,816.0,1,1,9.0,Eastgate,No,6.4,94200.0
P00339,1380.0,2,1,53.0,Old Town,No,8.0,185600.0
P00340,3372.0,6,4,28.0,Greenfield,Yes,4.8,479800.0
P00341,1976.0,2,2,2.0,Riverside,Yes,8.9,283800.0
P00342,1603.0,2,1,60.0,Riverside,No,3.6,193900.0
P00343,1994.0,4,3,19.0,Riverside,Yes,10.3,316600.0
P00344,1155.0,1,1,55.0,Greenfield,Yes,24.7,55700.0
P00345,1699.0,3,1,62.0,Eastgate,No,5.7,134400.0
P00346,2102.0,4,1,36.0,Harbour,Yes,1.7,389000.0
P00347,831.0,1,1,31.0,Harbour,Yes,5.1,139600.0
P00348,1277.0,1,1,5.0,Hillcrest,Yes,4.0,177000.0
P00349,1448.0,3,1,20.0,Harbour,No,9.9,236000.0
P00350,1509.0,2,1,10.0,Old Town,No,6.2,198800.0
P00351,1391.0,3,2,45.0,Old Town,Yes,8.9,211200.0
P00352,1792.0,2,1,18.0,Hillcrest,Yes,5.7,226200.0
P00353,2174.0,4,2,14.0,Eastgate,No,4.6,234600.0
P00354,1829.0,2,1,41.0,Eastgate,Yes,6.9,154500.0
P00355,2176.0,3,2,53.0,Riverside,Yes,10.6,300200.0
P00356,2187.0,3,1,10.0,Greenfield,Yes,1.4,252000.0
P00357,1349.0,2,1,46.0,Old Town,No,15.1,104100.0
P00358,1792.0,3,2,39.0,Riverside,Yes,3.9,274600.0
P00359,1462.0,2,1,62.0,Riverside,Yes,1.4,179800.0
P00360,1989.0,4,2,67.0,Hillcrest,Yes,15.7,216700.0
P00361,1475.0,2,1,13.0,Hillcrest,Yes,21.6,173900.0
P00362,1559.0,3,1,3.0,Old Town,Yes,13.2,205100.0
P00363,2520.0,4,3,9.0,Old Town,Yes,8.1,356300.0
P00364,1563.0,3,3,25.0,Greenfield,Yes,10.6,196400.0
P00365,859.0,2,1,48.0,Old Town,Yes,6.8,90400.0
P00366,1715.0,4,3,68.0,Old Town,Yes,6.1,224000.0
P00367,1805.0,2,1,39.0,Greenfield,Yes,3.5,176500.0
P00368,1397.0,4,3,37.0,Greenfield,No,10.3,156800.0
P00369,1690.0,2,1,64.0,Old Town,Yes,6.5,204900.0
P00370,2174.0,5,2,67.0,Old Town,No,3.1,241200.0
P00371,1391.0,2,1,65.0,Hillcrest,No,3.6,143600.0
P00372,1559.0,3,3,12.0,Old Town,Yes,8.7,228100.0
P00373,1294.0,1,1,64.0,Old Town,Yes,3.1,152500.0
P00374,1823.0,4,2,24.0,Greenfield,Yes,17.4,237700.0
P00375,1591.0,3,2,2.0,Riverside,Yes,21.6,244400.0
P00376,1185.0,2,1,4.0,Riverside,Yes,8.8,182800.0
P00377,1576.0,2,1,51.0,Hillcrest,Yes,22.8,121100.0
P00378,2586.0,5,2,32.0,Riverside,Yes,8.8,394800.0
P00379,788.0,2,1,55.0,Eastgate,Yes,4.0,46900.0
P00380,952.0,2,1,31.0,Greenfield,Yes,0.7,120600.0
P00381,1827.0,3,1,46.0,Old Town,Yes,3.1,261100.0
P00382,951.0,2,1,46.0,Eastgate,Yes,15.0,99700.0
P00383,2648.0,5,3,16.0,Greenfield,Yes,3.0,371000.0
P00384,898.0,2,1,0.0,Eastgate,Yes,5.6,112400.0
P00385,993.0,2,1,28.0,Riverside,Yes,10.8,130400.0
P00386,1395.0,2,1,39.0,Riverside,Yes,5.6,199500.0
P00387,2205.0,3,2,32.0,Hillcrest,Yes,8.0,303600.0
P00388,2064.0,4,2,44.0,Hillcrest,Yes,11.2,307800.0
P00389,1946.0,4,3,9.0,Hillcrest,Yes,6.7,302100.0
P00390,1808.0,3,2,59.0,Greenfield,No,7.9,185700.0
P00391,2317.0,4,2,43.0,Riverside,Yes,5.2,343300.0
P00392,733.0,1,1,47.0,Eastgate,Yes,2.5,76700.0
P00393,1797.0,3,2,15.0,Old Town,Yes,8.9,287300.0
P00394,2383.0,4,3,27.0,Harbour,Yes,8.2,442700.0
P00395,1114.0,3,3,15.0,Greenfield,No,4.6,158700.0
P00396,1819.0,4,2,16.0,Greenfield,Yes,6.8,245300.0
P00397,2278.0,4,3,45.0,Harbour,No,5.4,391100.0
P00398,2292.0,3,2,29.0,Greenfield,Yes,10.4,266700.0
P00399,1588.0,2,1,25.0,Eastgate,Yes,20.6,164400.0
P00400,2602.0,5,3,17.0,Eastgate,No,11.5,310200.0
P00401,1914.0,3,2,57.0,Hillcrest,Yes,6.6,265200.0
P00402,2201.0,4,3,18.0,Riverside,Yes,27.3,332000.0
P00403,1113.0,1,1,0.0,Hillcrest,No,2.9,154400.0
P00404,1274.0,1,1,38.0,Riverside,Yes,7.2,198100.0
P00405,1271.0,2,1,66.0,Harbour,No,2.6,129700.0
P00406,2554.0,4,2,18.0,Greenfield,Yes,5.5,319400.0
P00407,474.0,1,1,48.0,Eastgate,Yes,13.4,52000.0
P00408,726.0,1,1,48.0,Hillcrest,Yes,13.1,46400.0
P00409,2062.0,4,1,22.0,Hillcrest,No,7.3,266300.0
P00410,1732.0,3,2,66.0,Harbour,Yes,3.5,239800.0
P00411,450.0,1,1,28.0,Eastgate,Yes,9.1,52300.0
P00412,1456.0,4,3,63.0,Eastgate,Yes,2.9,173700.0
P00413,1502.0,3,1,61.0,Greenfield,Yes,6.2,158700.0
P00414,2271.0,4,2,58.0,Harbour,No,4.5,325500.0
P00415,688.0,1,1,66.0,Eastgate,Yes,14.0,40000.0
P00416,1389.0,3,3,36.0,Eastgate,Yes,12.5,128500.0
P00417,2197.0,3,2,20.0,Harbour,No,5.7,391300.0
P00418,2044.0,3,2,7.0,Riverside,Yes,3.2,376500.0
P00419,1192.0,2,1,46.0,Old Town,Yes,2.2,154400.0
P00420,1513.0,1,1,30.0,Old Town,No,0.9,191200.0
P00421,910.0,2,1,33.0,Riverside,No,6.9,136500.0
P00422,2349.0,3,2,44.0,Hillcrest,Yes,20.6,315900.0
P00423,1441.0,3,2,50.0,Eastgate,Yes,6.7,119300.0
P00424,2303.0,4,3,13.0,Eastgate,No,4.8,266500.0
P00425,2064.0,3,1,52.0,Riverside,No,6.8,246300.0
P00426,1211.0,2,2,43.0,Hillcrest,No,9.2,122400.0
P00427,1585.0,1,2,29.0,Eastgate,Yes,4.0,184400.0
P00428,1987.0,3,2,54.0,Hillcrest,No,3.0,233300.0
P00429,1883.0,3,2,10.0,Eastgate,No,0.5,210100.0
P00430,2431.0,6,2,13.0,Greenfield,Yes,6.8,355200.0
P00431,2225.0,4,3,9.0,Old Town,Yes,5.0,351200.0
P00432,1825.0,4,3,34.0,Hillcrest,No,4.1,236700.0
P00433,2010.0,3,2,58.0,Hillcrest,No,7.6,239600.0
P00434,1302.0,3,2,24.0,Greenfield,Yes,4.8,171100.0
P00435,1360.0,3,2,31.0,Harbour,Yes,8.3,219900.0
P00436,1966.0,4,4,47.0,Riverside,Yes,12.2,340100.0
P00437,1831.0,5,3,58.0,Hillcrest,Yes,8.4,257700.0
P00438,1102.0,1,1,33.0,Riverside,No,7.6,128500.0
P00439,1622.0,2,2,58.0,Hillcrest,No,14.0,184300.0
P00440,1258.0,2,1,69.0,Greenfield,Yes,8.1,112400.0
P00441,1382.0,2,1,50.0,Riverside,Yes,4.8,160300.0
P00442,2315.0,4,3,8.0,Greenfield,Yes,9.3,314700.0
P00443,1185.0,2,1,12.0,Old Town,No,3.5,167100.0
P00444,1332.0,2,1,67.0,Greenfield,No,3.0,119700.0
P00445,1949.0,3,2,69.0,Eastgate,No,1.8,194000.0
P00446,1701.0,3,2,56.0,Old Town,No,7.1,209700.0
P00447,1748.0,3,1,29.0,Harbour,Yes,2.9,315400.0
P00448,935.0,1,1,37.0,Riverside,Yes,5.2,119900.0
P00449,1650.0,2,2,67.0,Riverside,Yes,5.5,215700.0
P00450,1477.0,3,3,2.0,Hillcrest,No,4.8,275900.0
P00451,1256.0,2,1,0.0,Harbour,Yes,10.3,199300.0
P00452,1381.0,2,1,64.0,Riverside,Yes,10.3,174800.0
P00453,1517.0,3,2,53.0,Greenfield,Yes,4.4,185300.0
P00454,2088.0,3,2,30.0,Riverside,No,12.8,278200.0
P00455,2613.0,4,2,61.0,Greenfield,Yes,1.3,312700.0
P00456,1721.0,3,1,64.0,Greenfield,Yes,12.0,178000.0
P00457,2413.0,4,3,58.0,Riverside,Yes,5.9,338800.0
P00458,1723.0,4,3,52.0,Harbour,No,10.2,271100.0
P00459,919.0,1,1,45.0,Harbour,Yes,15.5,105500.0
P00460,1696.0,2,1,53.0,Harbour,No,11.6,199200.0
P00461,2313.0,5,4,69.0,Eastgate,Yes,0.8,254400.0
P00462,2372.0,3,2,14.0,Hillcrest,Yes,10.1,369200.0
P00463,1223.0,1,1,17.0,Greenfield,Yes,1.3,161400.0
P00464,2793.0,3,1,2.0,Harbour,Yes,7.2,483400.0
P00465,1296.0,2,1,31.0,Old Town,No,7.6,118900.0
P00466,1300.0,2,1,47.0,Old Town,No,11.9,91400.0
P00467,1405.0,1,1,16.0,Hillcrest,Yes,2.4,221900.0
P00468,2398.0,3,2,4.0,Old Town,Yes,7.0,345800.0
P00469,1870.0,2,1,56.0,Harbour,Yes,7.1,271400.0
P00470,2127.0,4,2,54.0,Hillcrest,No,6.3,268800.0
P00471,551.0,1,1,39.0,Hillcrest,No,1.1,40100.0
P00472,1642.0,3,2,54.0,Greenfield,No,2.6,212400.0
P00473,1613.0,2,1,54.0,Hillcrest,No,4.1,195100.0
P00474,2021.0,3,2,21.0,Hillcrest,Yes,11.8,312200.0
P00475,1434.0,3,2,5.0,Old Town,Yes,3.9,209100.0
P00476,2271.0,4,2,61.0,Greenfield,Yes,4.1,277500.0
P00477,1324.0,3,1,3.0,Eastgate,No,1.0,166100.0
P00478,968.0,2,1,45.0,Greenfield,Yes,9.7,72800.0
P00479,845.0,2,2,5.0,Riverside,Yes,6.8,143600.0
P00480,2307.0,4,2,63.0,Hillcrest,No,4.9,277000.0
P00481,2052.0,3,1,60.0,Riverside,Yes,6.8,293600.0
P00482,1278.0,3,2,47.0,Old Town,No,2.1,163700.0
P00483,2227.0,4,2,37.0,Harbour,No,12.6,337100.0
P00484,1586.0,3,2,13.0,Old Town,Yes,5.4,251600.0
P00485,1611.0,2,1,4.0,Riverside,No,16.7,206700.0
P00486,936.0,1,1,49.0,Eastgate,No,12.0,53800.0
P00487,1396.0,2,1,3.0,Old Town,Yes,11.2,192100.0
P00488,1727.0,2,2,12.0,Eastgate,No,0.7,175800.0
P00489,1775.0,3,1,51.0,Hillcrest,No,6.0,227500.0
P00490,1390.0,3,1,34.0,Harbour,Yes,7.9,227700.0
P00491,2173.0,4,3,12.0,Old Town,No,8.6,270100.0
P00492,2397.0,4,2,66.0,Eastgate,No,3.5,221900.0
P00493,1266.0,1,1,46.0,Eastgate,Yes,6.8,134600.0
P00494,1875.0,4,2,3.0,Harbour,No,2.8,321200.0
P00495,907.0,1,1,13.0,Eastgate,Yes,4.2,116600.0
P00496,1881.0,3,1,61.0,Greenfield,Yes,10.6,195700.0
P00497,1188.0,2,1,63.0,Harbour,Yes,1.2,147800.0
P00498,1596.0,3,2,64.0,Eastgate,Yes,9.7,141300.0
P00499,1761.0,4,2,23.0,Hillcrest,No,8.1,228700.0
P00500,1552.0,5,3,28.0,Hillcrest,Yes,3.9,232500.0
P00501,2200.0,4,3,53.0,Old Town,Yes,30.0,248600.0
P00502,1284.0,3,2,10.0,Old Town,Yes,2.1,215400.0
P00503,1440.0,2,1,21.0,Riverside,Yes,8.5,182200.0
P00504,1838.0,3,2,13.0,Hillcrest,Yes,5.1,275400.0
P00505,1658.0,2,1,0.0,Eastgate,Yes,16.6,169100.0
P00506,1803.0,3,2,2.0,Hillcrest,Yes,4.9,263500.0
P00507,1570.0,4,3,11.0,Greenfield,Yes,4.5,253900.0
P00508,1270.0,2,1,21.0,Hillcrest,No,10.8,139200.0
P00509,2009.0,4,2,56.0,Old Town,No,5.6,252200.0
P00510,1715.0,2,1,7.0,Hillcrest,No,3.5,255500.0
P00511,2128.0,5,3,24.0,Harbour,Yes,18.1,357300.0
P00512,2345.0,4,3,59.0,Greenfield,No,15.1,255200.0
P00513,1499.0,2,1,49.0,Eastgate,No,7.7,123300.0
P00514,1305.0,2,1,56.0,Greenfield,Yes,8.3,133400.0
P00515,1449.0,3,2,13.0,Harbour,Yes,9.3,262200.0
P00516,1351.0,3,2,67.0,Harbour,No,4.7,200600.0
P00517,679.0,2,2,30.0,Eastgate,No,8.6,71400.0
P00518,2501.0,3,2,14.0,Harbour,Yes,6.2,478900.0
P00519,1883.0,3,1,38.0,Greenfield,Yes,6.1,239800.0
P00520,2847.0,6,4,2.0,Eastgate,No,6.7,313200.0
P00521,1397.0,4,3,53.0,Eastgate,No,5.6,128200.0
P00522,1975.0,3,2,51.0,Eastgate,No,12.7,179400.0
P00523,1815.0,3,2,65.0,Hillcrest,Yes,9.8,237300.0
P00524,1643.0,2,1,18.0,Harbour,Yes,10.5,258500.0
P00525,2170.0,3,2,25.0,Harbour,Yes,5.0,387600.0
P00526,1680.0,2,2,26.0,Harbour,No,3.1,287600.0
P00527,1640.0,3,1,20.0,Eastgate,Yes,19.6,150600.0
P00528,1760.0,2,1,58.0,Riverside,Yes,5.8,246800.0
P00529,559.0,2,2,15.0,Harbour,No,5.5,85500.0
P00530,1319.0,2,3,20.0,Harbour,No,8.1,236600.0
P00531,1310.0,2,1,48.0,Old Town,Yes,11.6,125200.0
P00532,2505.0,5,3,42.0,Riverside,Yes,5.0,412500.0
P00533,1973.0,3,2,47.0,Old Town,No,8.9,217800.0
P00534,2072.0,3,2,7.0,Eastgate,Yes,4.9,234100.0
P00535,1994.0,3,1,19.0,Eastgate,No,3.9,221200.0
P00536,1583.0,4,2,39.0,Riverside,Yes,10.9,220300.0
P00537,2507.0,4,3,14.0,Riverside,Yes,16.0,399300.0
P00538,1575.0,3,1,26.0,Hillcrest,No,2.1,228600.0
P00539,971.0,1,1,6.0,Greenfield,No,1.7,120700.0
P00540,1995.0,3,2,36.0,Eastgate,No,5.5,192600.0
P00541,2271.0,4,2,8.0,Greenfield,Yes,6.5,307000.0
P00542,1732.0,1,1,36.0,Hillcrest,No,6.3,188100.0
P00543,1863.0,2,1,53.0,Hillcrest,Yes,1.3,253900.0
P00544,2161.0,3,1,17.0,Old Town,No,12.1,282100.0
P00545,2447.0,4,2,55.0,Harbour,No,2.9,423800.0
P00546,1973.0,4,2,55.0,Greenfield,Yes,6.7,236300.0
P00547,2523.0,6,3,33.0,Old Town,No,4.2,380100.0
P00548,1826.0,3,2,45.0,Greenfield,Yes,7.9,204600.0
P00549,2731.0,5,3,53.0,Greenfield,Yes,6.2,347500.0
P00550,992.0,2,1,36.0,Harbour,No,7.8,114000.0
P00551,2155.0,5,3,37.0,Riverside,No,8.1,337200.0
P00552,1825.0,2,1,23.0,Harbour,Yes,5.2,304900.0
P00553,1741.0,3,2,42.0,Old Town,No,3.1,239000.0
P00554,1041.0,2,2,66.0,Old Town,No,1.8,68800.0
P00555,2220.0,4,3,61.0,Eastgate,Yes,2.3,229800.0
P00556,1584.0,1,1,19.0,Eastgate,No,5.5,144500.0
P00557,1185.0,2,1,32.0,Old Town,No,8.7,141000.0
P00558,1366.0,1,1,24.0,Riverside,Yes,7.2,182700.0
P00559,1566.0,3,2,36.0,Old Town,No,8.0,186200.0
P00560,1733.0,3,2,51.0,Eastgate,Yes,5.2,194900.0
P00561,1228.0,1,1,69.0,Hillcrest,No,3.7,98300.0
P00562,1220.0,2,1,38.0,Riverside,No,14.1,124500.0
P00563,1890.0,3,2,69.0,Old Town,No,17.0,204100.0
P00564,1646.0,2,2,58.0,Eastgate,No,9.5,96900.0
P00565,2666.0,5,2,42.0,Harbour,Yes,5.6,472700.0
P00566,1471.0,4,2,40.0,Old Town,Yes,17.1,185100.0
P00567,2054.0,4,2,34.0,Hillcrest,No,6.3,286800.0
P00568,2554.0,3,2,2.0,Eastgate,Yes,12.7,245800.0
P00569,1582.0,2,1,1.0,Riverside,No,1.2,233000.0
P00570,2175.0,3,2,38.0,Eastgate,No,1.3,207000.0
P00571,1833.0,2,2,31.0,Greenfield,Yes,11.7,196600.0
P00572,1709.0,4,3,8.0,Hillcrest,No,3.9,288700.0
P00573,2485.0,4,3,20.0,Eastgate,Yes,10.1,267200.0
P00574,1186.0,2,1,63.0,Eastgate,No,4.5,110300.0
P00575,1380.0,3,2,31.0,Eastgate,Yes,1.6,157800.0
P00576,797.0,1,1,4.0,Greenfield,Yes,7.3,116900.0
P00577,1622.0,3,1,16.0,Harbour,Yes,6.3,279500.0
P00578,2174.0,3,2,29.0,Eastgate,Yes,4.5,223700.0
P00579,1555.0,2,1,69.0,Eastgate,Yes,4.1,138300.0
P00580,2093.0,3,1,36.0,Eastgate,Yes,8.5,221500.0
P00581,1303.0,1,1,,Riverside,Yes,6.5,184700.0
P00582,2253.0,5,2,48.0,Old Town,Yes,4.2,332700.0
P00583,1625.0,3,2,46.0,Riverside,No,9.6,209600.0
P00584,1443.0,2,1,12.0,Riverside,No,4.5,244500.0
P00585,2501.0,5,4,1.0,Riverside,No,5.8,417900.0
P00586,1676.0,2,2,6.0,Harbour,Yes,3.6,317400.0
P00587,1968.0,4,2,28.0,Hillcrest,Yes,6.4,303600.0
P00588,1742.0,3,2,52.0,Old Town,No,27.4,155500.0
P00589,2033.0,5,3,69.0,Old Town,Yes,9.7,249000.0
P00590,1742.0,3,1,,Eastgate,No,27.9,148800.0
P00591,1081.0,2,2,26.0,Eastgate,Yes,4.9,137100.0
P00592,1823.0,2,1,41.0,Greenfield,No,13.1,169000.0
P00593,1920.0,2,1,6.0,Riverside,Yes,3.0,328700.0
P00594,1875.0,3,1,55.0,Greenfield,Yes,9.7,190400.0
P00595,1567.0,2,1,47.0,Hillcrest,Yes,5.3,182700.0
P00596,2587.0,5,4,,Hillcrest,Yes,7.1,449700.0
P00597,1318.0,2,1,59.0,Eastgate,Yes,7.0,99100.0
P00598,1743.0,4,4,66.0,Eastgate,Yes,8.7,169000.0
P00599,1787.0,1,1,2.0,Hillcrest,Yes,2.8,282400.0
P00600,1140.0,2,1,16.0,Harbour,No,10.2,154200.0
P00601,1087.0,2,1,43.0,Hillcrest,No,2.8,108800.0
P00602,2013.0,3,2,27.0,Hillcrest,Yes,8.0,283400.0
P00603,2018.0,3,2,5.0,Harbour,Yes,3.2,393000.0
P00604,1751.0,4,2,60.0,Greenfield,No,8.9,198600.0
P00605,880.0,1,1,55.0,Hillcrest,Yes,6.1,82900.0
P00606,1536.0,3,1,12.0,Greenfield,Yes,5.0,192900.0
P00607,1801.0,3,1,42.0,Hillcrest,Yes,11.6,203000.0
P00608,1991.0,3,2,20.0,Old Town,Yes,13.4,261100.0
P00609,2274.0,4,2,57.0,Riverside,Yes,8.6,317900.0
P00610,1908.0,4,2,,Hillcrest,No,4.4,285300.0
P00611,2162.0,3,2,66.0,Riverside,No,7.3,249500.0
P00612,2510.0,4,2,51.0,Harbour,Yes,3.1,396200.0
P00613,515.0,1,1,52.0,Eastgate,Yes,4.4,40000.0
P00614,2176.0,4,3,6.0,Old Town,Yes,6.0,333700.0
P00615,1463.0,2,1,55.0,Harbour,No,5.5,199700.0
P00616,1921.0,3,2,34.0,Harbour,Yes,2.6,370900.0
P00617,1785.0,3,1,30.0,Old Town,Yes,12.8,193600.0
P00618,1171.0,2,2,4.0,Hillcrest,Yes,7.3,193000.0
P00619,1230.0,2,2,22.0,Eastgate,Yes,9.5,119100.0
P00620,1898.0,3,1,48.0,Harbour,Yes,4.0,333700.0
P00621,1590.0,3,2,65.0,Harbour,Yes,8.3,240200.0
P00622,2045.0,3,2,5.0,Eastgate,No,1.0,259400.0
P00623,1488.0,2,1,21.0,Greenfield,No,7.2,165300.0
P00624,2750.0,5,3,69.0,Harbour,No,4.1,463300.0
P00625,1552.0,2,2,61.0,Riverside,Yes,1.3,224300.0
P00626,2714.0,4,2,68.0,Greenfield,Yes,6.8,296100.0
P00627,1301.0,2,1,32.0,Hillcrest,Yes,5.8,190300.0
P00628,1959.0,3,2,5.0,Old Town,No,3.1,279400.0
P00629,2240.0,3,2,1.0,Harbour,Yes,1.7,397500.0
P00630,1026.0,3,1,45.0,Eastgate,No,12.8,71000.0
P00631,1197.0,3,2,41.0,Riverside,No,4.4,147800.0
P00632,1882.0,3,2,34.0,Riverside,No,2.2,292900.0
P00633,2251.0,5,4,52.0,Eastgate,No,2.2,270600.0
P00634,2360.0,4,2,2.0,Old Town,Yes,4.1,365100.0
P00635,1955.0,3,1,1.0,Hillcrest,Yes,6.3,308800.0
P00636,2201.0,3,2,34.0,Riverside,Yes,10.2,305500.0
P00637,1099.0,2,1,69.0,Greenfield,No,6.0,67500.0
P00638,1467.0,2,1,65.0,Harbour,Yes,5.2,190800.0
P00639,2398.0,4,2,23.0,Eastgate,Yes,9.9,291100.0
P00640,1403.0,2,1,20.0,Riverside,Yes,1.7,219900.0
P00641,1558.0,2,1,,Riverside,Yes,7.9,225900.0
P00642,812.0,2,2,13.0,Greenfield,Yes,6.1,85700.0
P00643,1583.0,2,1,52.0,Eastgate,No,6.0,121300.0
P00644,885.0,1,2,58.0,Riverside,No,7.5,83000.0
P00645,1857.0,4,3,40.0,Hillcrest,No,5.9,258100.0
P00646,2410.0,5,3,35.0,Eastgate,Yes,9.9,257100.0
P00647,1833.0,4,2,33.0,Eastgate,Yes,11.1,198100.0
P00648,1761.0,3,2,15.0,Old Town,No,12.3,236900.0
P00649,1478.0,2,1,67.0,Old Town,Yes,6.5,133500.0
P00650,1951.0,4,2,15.0,Harbour,Yes,2.4,356000.0
P00651,1124.0,2,2,9.0,Greenfield,Yes,2.7,175000.0
P00652,1447.0,2,2,14.0,Greenfield,Yes,14.4,188800.0
P00653,2752.0,4,2,50.0,Eastgate,No,1.4,251700.0
P00654,1026.0,2,1,48.0,Eastgate,Yes,4.5,103600.0
P00655,1394.0,1,1,1.0,Greenfield,Yes,6.0,156800.0
P00656,980.0,2,2,1.0,Eastgate,Yes,9.5,116800.0
P00657,2289.0,2,1,53.0,Hillcrest,Yes,4.1,313700.0
P00658,1557.0,3,3,15.0,Greenfield,No,2.5,184300.0
P00659,1041.0,1,1,50.0,Eastgate,Yes,1.5,91400.0
P00660,1050.0,2,2,35.0,Hillcrest,No,18.3,96700.0
P00661,2226.0,5,3,28.0,Greenfield,Yes,3.8,285200.0
P00662,2009.0,3,2,29.0,Eastgate,No,2.8,221700.0
P00663,2071.0,3,2,28.0,Eastgate,Yes,11.6,194800.0
P00664,1641.0,4,3,3.0,Old Town,No,6.0,243600.0
P00665,2121.0,3,2,39.0,Riverside,No,7.5,279900.0
P00666,2327.0,3,1,8.0,Old Town,Yes,5.1,338000.0
P00667,2004.0,4,2,63.0,Greenfield,No,6.6,223700.0
P00668,874.0,1,1,44.0,Eastgate,Yes,15.1,78800.0
P00669,691.0,1,1,10.0,Riverside,No,1.6,102900.0
P00670,942.0,1,1,1.0,Riverside,No,8.4,121300.0
P00671,1804.0,3,2,27.0,Greenfield,Yes,5.1,257800.0
P00672,924.0,1,1,12.0,Hillcrest,No,11.8,92700.0
P00673,1130.0,2,2,32.0,Old Town,Yes,6.2,164600.0
P00674,1685.0,4,2,3.0,Eastgate,No,14.8,207100.0
P00675,1230.0,2,2,24.0,Greenfield,Yes,4.4,175200.0
P00676,1029.0,1,2,14.0,Old Town,No,6.1,101700.0
P00677,2145.0,2,1,16.0,Old Town,No,22.2,218500.0
P00678,1911.0,3,2,36.0,Hillcrest,Yes,4.8,258500.0
P00679,2058.0,3,2,34.0,Riverside,Yes,2.9,339600.0
P00680,2124.0,4,3,43.0,Riverside,No,3.5,311400.0
P00681,2383.0,5,3,23.0,Riverside,Yes,7.8,412700.0
P00682,1643.0,3,2,55.0,Old Town,Yes,2.9,216200.0
P00683,1569.0,1,1,41.0,Greenfield,No,5.5,157600.0
P00684,785.0,1,1,19.0,Eastgate,No,6.1,67400.0
P00685,1539.0,4,2,30.0,Harbour,Yes,6.6,267500.0
P00686,1361.0,2,1,13.0,Old Town,Yes,13.1,198600.0
P00687,2181.0,5,2,58.0,Old Town,No,5.9,273500.0
P00688,1994.0,2,1,8.0,Old Town,No,0.5,301600.0
P00689,2393.0,4,2,58.0,Greenfield,Yes,6.2,262300.0
P00690,2202.0,4,2,47.0,Greenfield,Yes,5.4,236900.0
P00691,2249.0,3,2,38.0,Hillcrest,Yes,9.5,329600.0
P00692,1921.0,3,2,39.0,Harbour,No,4.2,290700.0
P00693,1726.0,4,2,61.0,Greenfield,No,9.1,179100.0
P00694,1466.0,3,2,23.0,Hillcrest,Yes,5.4,216300.0
P00695,1646.0,2,2,35.0,Greenfield,Yes,8.0,190200.0
P00696,1180.0,2,1,6.0,Hillcrest,Yes,1.2,187100.0
P00697,1850.0,4,3,24.0,Greenfield,Yes,5.2,234700.0
P00698,1613.0,2,1,40.0,Riverside,Yes,4.4,207700.0
P00699,640.0,1,1,40.0,Hillcrest,Yes,5.4,72600.0
P00700,450.0,1,1,,Greenfield,Yes,3.3,40000.0
P00701,1289.0,2,1,59.0,Old Town,Yes,5.7,169300.0
P00702,1419.0,3,2,43.0,Hillcrest,Yes,9.5,188300.0
P00703,1501.0,2,2,38.0,Greenfield,No,8.6,182700.0
P00704,2297.0,5,4,36.0,Harbour,Yes,5.5,427600.0
P00705,1337.0,3,1,56.0,Eastgate,Yes,29.0,92300.0
P00706,1016.0,2,1,61.0,Old Town,No,0.6,87100.0
P00707,1841.0,3,2,24.0,Harbour,Yes,8.6,305600.0
P00708,2150.0,3,2,36.0,Greenfield,Yes,4.1,261700.0
P00709,2471.0,4,3,46.0,Greenfield,No,17.3,265600.0
P00710,1144.0,2,1,21.0,Old Town,Yes,3.6,206400.0
P00711,1523.0,4,2,39.0,Greenfield,No,4.0,158400.0
P00712,1437.0,2,2,26.0,Greenfield,Yes,5.8,168600.0
P00713,2402.0,4,3,45.0,Old Town,No,7.1,324200.0
P00714,1997.0,4,2,47.0,Old Town,Yes,15.0,241400.0
P00715,1660.0,3,1,31.0,Eastgate,No,1.6,167900.0
P00716,2010.0,4,2,51.0,Riverside,Yes,3.1,320300.0
P00717,1470.0,4,1,9.0,Hillcrest,No,7.1,211200.0
P00718,1547.0,3,2,63.0,Harbour,No,6.7,200500.0
P00719,1631.0,3,1,1.0,Eastgate,No,2.2,158800.0
P00720,1398.0,3,2,37.0,Old Town,No,7.8,168700.0
P00721,1522.0,2,1,6.0,Riverside,No,7.3,236000.0
P00722,1823.0,2,1,6.0,Greenfield,No,9.2,216200.0
P00723,1767.0,2,2,5.0,Eastgate,No,2.2,216700.0
P00724,2385.0,4,2,25.0,Riverside,Yes,10.4,362800.0
P00725,2076.0,4,2,29.0,Eastgate,Yes,9.9,223700.0
P00726,1609.0,3,2,42.0,Riverside,No,9.2,200300.0
P00727,554.0,2,1,26.0,Greenfield,Yes,5.1,40000.0
P00728,908.0,2,2,14.0,Greenfield,Yes,13.5,122000.0
P00729,1394.0,2,1,44.0,Old Town,No,2.5,149600.0
P00730,1453.0,1,1,29.0,Eastgate,No,14.1,124000.0
P00731,992.0,1,1,66.0,Hillcrest,No,18.6,40000.0
P00732,1456.0,2,1,9.0,Hillcrest,No,7.7,167600.0
P00733,1699.0,2,1,29.0,Riverside,Yes,4.1,237500.0
P00734,1327.0,3,1,27.0,Harbour,Yes,6.1,223000.0
P00735,1571.0,2,1,22.0,Eastgate,Yes,8.4,144700.0
P00736,1595.0,3,2,42.0,Harbour,Yes,2.7,272300.0
P00737,1291.0,3,2,43.0,Old Town,Yes,9.0,172700.0
P00738,1211.0,1,1,46.0,Harbour,No,6.8,146400.0
P00739,1576.0,2,2,36.0,Harbour,Yes,3.3,278800.0
P00740,1773.0,4,2,38.0,Old Town,No,16.6,201600.0
P00741,1122.0,2,2,3.0,Eastgate,No,13.9,99300.0
P00742,624.0,1,1,38.0,Harbour,Yes,9.1,54500.0
P00743,1164.0,1,1,55.0,Hillcrest,Yes,5.4,85500.0
P00744,1889.0,3,2,4.0,Hillcrest,Yes,11.7,293500.0
P00745,836.0,1,1,24.0,Eastgate,Yes,3.1,105200.0
P00746,2097.0,4,3,29.0,Harbour,Yes,4.9,373200.0
P00747,1346.0,3,2,38.0,Riverside,Yes,5.7,190100.0
P00748,1699.0,3,1,27.0,Riverside,Yes,1.4,255600.0
P00749,1252.0,2,1,45.0,Hillcrest,Yes,4.7,161500.0
P00750,1925.0,4,3,29.0,Eastgate,No,4.3,210700.0
P00751,1660.0,2,1,65.0,Hillcrest,Yes,17.5,156200.0
P00752,1819.0,2,1,0.0,Greenfield,Yes,14.4,219000.0
P00753,670.0,1,1,22.0,Riverside,No,8.8,41500.0
P00754,1993.0,4,3,34.0,Riverside,Yes,10.4,311500.0
P00755,801.0,2,1,32.0,Old Town,No,4.9,83000.0
P00756,1469.0,2,2,57.0,Hillcrest,No,11.9,158600.0
P00757,1891.0,3,2,61.0,Hillcrest,No,4.2,216700.0
P00758,1538.0,2,1,6.0,Eastgate,No,7.6,145000.0
P00759,1881.0,3,2,66.0,Harbour,Yes,7.1,286600.0
P00760,1717.0,3,2,11.0,Eastgate,Yes,5.1,246100.0
P00761,1678.0,3,2,51.0,Riverside,No,5.8,213700.0
P00762,1232.0,2,2,2.0,Hillcrest,Yes,8.8,231500.0
P00763,2131.0,3,2,57.0,Eastgate,No,8.2,172800.0
P00764,2189.0,3,2,50.0,Greenfield,Yes,18.7,228500.0
P00765,1368.0,2,2,2.0,Hillcrest,Yes,7.0,201400.0
P00766,1190.0,2,2,8.0,Harbour,Yes,13.0,235700.0
P00767,1734.0,3,2,40.0,Riverside,No,10.6,234200.0
P00768,1259.0,2,1,66.0,Greenfield,No,11.1,94300.0
P00769,1701.0,2,2,21.0,Hillcrest,No,7.4,246000.0
P00770,2036.0,4,3,39.0,Harbour,Yes,20.2,347200.0
P00771,1961.0,4,2,41.0,Harbour,No,1.0,321700.0
P00772,2363.0,5,3,43.0,Riverside,Yes,11.9,367600.0
P00773,1860.0,3,2,44.0,Harbour,Yes,2.8,309700.0
P00774,1118.0,1,1,13.0,Greenfield,No,14.4,126500.0
P00775,1211.0,1,1,28.0,Riverside,Yes,8.5,125600.0
P00776,1896.0,4,2,4.0,Harbour,No,5.4,392800.0
P00777,2573.0,3,3,60.0,Hillcrest,Yes,3.8,346500.0
P00778,1457.0,1,1,55.0,Old Town,No,9.6,95300.0
P00779,1181.0,1,1,57.0,Hillcrest,No,11.2,100000.0
P00780,2320.0,5,3,21.0,Eastgate,Yes,13.1,241300.0
P00781,1570.0,3,2,4.0,Riverside,Yes,5.8,276800.0
P00782,1974.0,3,3,68.0,Old Town,Yes,9.0,240300.0
P00783,2163.0,4,2,62.0,Eastgate,Yes,5.0,231300.0
P00784,1147.0,2,1,22.0,Greenfield,No,20.7,62300.0
P00785,1456.0,2,2,51.0,Greenfield,No,4.2,157400.0
P00786,1358.0,1,1,34.0,Riverside,No,2.6,197100.0
P00787,1892.0,4,2,59.0,Riverside,No,4.8,235300.0
P00788,1953.0,3,2,10.0,Greenfield,No,4.7,262600.0
P00789,1387.0,3,2,21.0,Harbour,No,6.2,252600.0
P00790,1906.0,2,1,2.0,Harbour,No,27.2,253500.0
P00791,753.0,2,1,28.0,Hillcrest,Yes,6.8,65400.0
P00792,1803.0,2,1,3.0,Greenfield,No,4.5,225200.0
P00793,1800.0,2,1,52.0,Harbour,Yes,3.5,266900.0
P00794,1632.0,3,3,50.0,Riverside,No,4.6,261300.0
P00795,918.0,2,1,60.0,Riverside,Yes,4.1,101500.0
P00796,1581.0,4,3,59.0,Old Town,No,8.3,201500.0
P00797,1104.0,3,2,20.0,Hillcrest,No,0.8,177500.0
P00798,2343.0,4,3,14.0,Harbour,Yes,10.8,435700.0
P00799,1489.0,3,2,47.0,Greenfield,Yes,2.8,159000.0
P00800,1529.0,2,1,56.0,Eastgate,Yes,9.3,113700.0
P00801,1576.0,2,2,27.0,Harbour,Yes,4.7,279000.0
P00802,1895.0,3,2,58.0,Greenfield,No,4.8,200100.0
P00803,1668.0,3,1,32.0,Greenfield,No,11.4,172100.0
P00804,1893.0,4,2,61.0,Eastgate,No,8.5,181600.0
P00805,1175.0,1,1,34.0,Hillcrest,Yes,3.4,152600.0
P00806,2170.0,4,3,31.0,Riverside,No,8.1,344700.0
P00807,1390.0,2,1,27.0,Harbour,No,15.8,183200.0
P00808,2001.0,4,2,15.0,Hillcrest,Yes,4.8,318500.0
P00809,1746.0,4,2,62.0,Eastgate,Yes,7.4,156900.0
P00810,2155.0,3,3,19.0,Greenfield,Yes,11.3,247900.0
P00811,1594.0,3,2,58.0,Hillcrest,No,15.3,180700.0
P00812,909.0,2,2,45.0,Greenfield,Yes,2.1,124800.0
P00813,1067.0,1,1,3.0,Harbour,No,6.6,186400.0
P00814,1519.0,2,1,29.0,Old Town,No,2.5,173900.0
P00815,2308.0,4,2,4.0,Hillcrest,Yes,6.3,380200.0
P00816,1425.0,3,1,64.0,Greenfield,Yes,1.7,154200.0
P00817,1657.0,3,2,5.0,Old Town,Yes,6.1,255800.0
P00818,2243.0,3,1,23.0,Hillcrest,Yes,17.1,277300.0
P00819,1355.0,3,2,10.0,Old Town,No,3.9,189800.0
P00820,1780.0,4,2,11.0,Old Town,Yes,14.1,240500.0
P00821,1768.0,4,2,15.0,Eastgate,No,12.5,187900.0
P00822,1337.0,2,2,6.0,Eastgate,Yes,10.3,137200.0
P00823,1743.0,2,1,13.0,Eastgate,Yes,6.5,183700.0
P00824,2142.0,4,2,46.0,Old Town,Yes,1.0,286500.0
P00825,2143.0,4,2,19.0,Hillcrest,No,10.6,274200.0
P00826,1466.0,3,2,27.0,Eastgate,No,4.5,152100.0
P00827,3053.0,5,2,27.0,Greenfield,No,10.3,368200.0
P00828,1801.0,2,1,51.0,Eastgate,Yes,4.8,166900.0
P00829,1495.0,3,1,50.0,Old Town,Yes,7.2,124500.0
P00830,1278.0,2,1,45.0,Old Town,No,5.3,154000.0
P00831,1149.0,3,3,41.0,Greenfield,Yes,10.0,139900.0
P00832,2030.0,3,2,14.0,Riverside,Yes,3.7,321900.0
P00833,450.0,1,1,8.0,Hillcrest,No,6.7,88700.0
P00834,1556.0,2,1,18.0,Hillcrest,No,5.9,204800.0
P00835,959.0,3,1,47.0,Harbour,No,9.5,127400.0
P00836,1547.0,3,2,45.0,Old Town,Yes,10.6,193000.0
P00837,1614.0,2,1,40.0,Old Town,No,17.4,114700.0
P00838,992.0,1,1,42.0,Harbour,Yes,3.2,166900.0
P00839,1148.0,3,2,0.0,Harbour,No,15.5,176100.0
P00840,2250.0,4,3,45.0,Hillcrest,Yes,13.9,323900.0
P00841,1360.0,1,1,60.0,Eastgate,Yes,10.1,97600.0
P00842,1627.0,2,1,9.0,Hillcrest,Yes,7.1,220700.0
P00843,1476.0,3,2,14.0,Riverside,No,11.5,175700.0
P00844,2035.0,3,1,13.0,Hillcrest,Yes,3.5,295200.0
P00845,2226.0,4,3,35.0,Eastgate,Yes,4.4,228900.0
P00846,2078.0,4,2,21.0,Hillcrest,Yes,9.9,304600.0
P00847,1900.0,3,3,36.0,Greenfield,Yes,9.1,215200.0
P00848,1905.0,3,2,0.0,Greenfield,Yes,6.0,276200.0
P00849,1051.0,2,1,4.0,Hillcrest,Yes,4.8,158800.0
P00850,2269.0,4,2,1.0,Harbour,No,0.6,425200.0
P00851,1357.0,2,2,10.0,Eastgate,Yes,3.4,196200.0
P00852,1196.0,2,1,48.0,Old Town,Yes,2.9,157000.0
P00853,1446.0,1,1,11.0,Eastgate,Yes,5.1,141300.0
P00854,1242.0,3,2,12.0,Harbour,Yes,3.4,259300.0
P00855,1831.0,3,3,64.0,Riverside,No,7.1,212600.0
P00856,1983.0,3,3,60.0,Hillcrest,Yes,3.3,258400.0
P00857,2255.0,4,3,62.0,Harbour,Yes,6.6,369700.0
P00858,1584.0,3,2,68.0,Greenfield,No,1.3,150400.0
P00859,1339.0,3,2,61.0,Riverside,Yes,5.5,164500.0
P00860,1494.0,1,1,19.0,Riverside,Yes,1.3,244700.0
P00861,1058.0,1,1,17.0,Greenfield,Yes,4.0,120500.0
P00862,1271.0,2,2,65.0,Eastgate,No,0.9,90500.0
P00863,2605.0,6,3,29.0,Old Town,Yes,14.4,354800.0
P00864,1254.0,3,2,23.0,Eastgate,Yes,6.8,128800.0
P00865,1406.0,2,1,38.0,Greenfield,Yes,14.8,152200.0
P00866,1937.0,4,2,59.0,Hillcrest,Yes,2.0,271900.0
P00867,1755.0,3,2,3.0,Old Town,Yes,4.0,245400.0
P00868,2004.0,3,2,17.0,Harbour,No,10.8,355000.0
P00869,1207.0,2,1,9.0,Old Town,Yes,3.0,199700.0
P00870,1109.0,1,1,29.0,Hillcrest,Yes,12.4,120700.0
P00871,2274.0,4,3,33.0,Eastgate,No,10.4,212800.0
P00872,1299.0,3,2,38.0,Eastgate,No,4.6,126500.0
P00873,1582.0,2,1,,Eastgate,No,3.4,155700.0
P00874,1734.0,2,2,28.0,Riverside,No,2.1,268000.0
P00875,728.0,1,1,32.0,Eastgate,No,7.9,47900.0
P00876,1536.0,3,2,46.0,Old Town,Yes,11.0,209700.0
P00877,1312.0,2,2,37.0,Eastgate,No,6.3,90800.0
P00878,1886.0,3,3,42.0,Riverside,Yes,3.1,289800.0
P00879,1478.0,4,3,2.0,Greenfield,Yes,5.9,231900.0
P00880,532.0,1,1,67.0,Old Town,No,9.9,40000.0
P00881,2014.0,3,2,54.0,Riverside,No,3.9,268500.0
P00882,450.0,1,2,32.0,Riverside,Yes,14.0,40000.0
P00883,1429.0,3,1,27.0,Riverside,No,8.0,230100.0
P00884,1291.0,2,1,22.0,Riverside,Yes,1.4,204800.0
P00885,1331.0,2,1,33.0,Harbour,Yes,6.3,224400.0
P00886,1624.0,3,2,6.0,Hillcrest,Yes,10.0,235400.0
P00887,2094.0,4,1,45.0,Hillcrest,Yes,3.1,280400.0
P00888,1204.0,3,1,5.0,Eastgate,Yes,2.1,147800.0
P00889,1331.0,2,1,60.0,Harbour,Yes,3.3,217800.0
P00890,1992.0,3,2,18.0,Eastgate,No,1.1,240500.0
P00891,1877.0,3,2,11.0,Greenfield,No,1.5,282800.0
P00892,1980.0,3,2,41.0,Hillcrest,Yes,9.6,291100.0
P00893,1792.0,3,2,12.0,Hillcrest,No,3.3,292400.0
P00894,1511.0,3,2,18.0,Greenfield,No,6.9,181800.0
P00895,1391.0,2,3,44.0,Greenfield,Yes,14.3,138100.0
P00896,1398.0,2,2,25.0,Greenfield,Yes,19.9,169600.0
P00897,2072.0,4,2,62.0,Old Town,No,1.7,242400.0
P00898,2360.0,4,3,12.0,Riverside,No,7.5,390900.0
P00899,2598.0,5,3,15.0,Hillcrest,Yes,2.6,404900.0
P00900,1122.0,1,1,68.0,Hillcrest,Yes,4.4,90200.0
P00901,1514.0,2,2,32.0,Riverside,Yes,12.6,213100.0
P00902,1632.0,1,1,8.0,Hillcrest,Yes,1.3,228200.0
P00903,1550.0,2,1,2.0,Harbour,No,17.7,226600.0
P00904,1079.0,2,1,65.0,Riverside,No,13.6,96900.0
P00905,2696.0,5,3,0.0,Old Town,No,3.6,403300.0
P00906,2369.0,4,3,42.0,Riverside,Yes,18.8,356400.0
P00907,1550.0,2,2,64.0,Old Town,Yes,9.0,161800.0
P00908,1408.0,2,2,35.0,Eastgate,No,7.3,134900.0
P00909,1626.0,4,2,53.0,Hillcrest,Yes,8.8,196100.0
P00910,1039.0,2,1,7.0,Old Town,Yes,1.8,186600.0
P00911,1465.0,3,1,48.0,Eastgate,Yes,8.5,96900.0
P00912,2009.0,3,1,52.0,Hillcrest,Yes,15.3,238300.0
P00913,2441.0,3,1,3.0,Harbour,Yes,14.1,427100.0
P00914,2066.0,3,2,,Old Town,Yes,12.5,200000.0
P00915,2266.0,4,2,48.0,Riverside,No,3.9,298700.0
P00916,1114.0,3,1,39.0,Old Town,Yes,7.6,110000.0
P00917,450.0,1,1,50.0,Hillcrest,Yes,11.7,40000.0
P00918,2306.0,4,2,23.0,Hillcrest,Yes,10.5,326700.0
P00919,1721.0,3,2,23.0,Greenfield,No,11.5,190400.0
P00920,1591.0,3,2,4.0,Hillcrest,Yes,3.5,273100.0
P00921,2450.0,4,3,56.0,Riverside,No,5.1,394400.0
P00922,1159.0,2,1,45.0,Greenfield,No,1.5,99000.0
P00923,1162.0,2,1,69.0,Harbour,No,2.7,138500.0
P00924,1266.0,3,2,53.0,Hillcrest,No,3.8,154200.0
P00925,2425.0,5,3,17.0,Riverside,Yes,3.2,441800.0
P00926,2096.0,4,2,39.0,Old Town,No,15.5,210300.0
P00927,756.0,1,1,2.0,Hillcrest,Yes,10.5,80200.0
P00928,2445.0,4,2,22.0,Riverside,Yes,4.8,377700.0
P00929,1638.0,2,1,20.0,Greenfield,No,4.9,168400.0
P00930,1841.0,2,1,19.0,Old Town,No,5.2,237100.0
P00931,1251.0,2,2,47.0,Old Town,Yes,9.2,137800.0
P00932,2555.0,5,3,39.0,Riverside,No,9.2,349700.0
P00933,1846.0,3,1,62.0,Old Town,No,4.3,189400.0
P00934,2279.0,4,2,18.0,Eastgate,Yes,3.8,229000.0
P00935,1140.0,2,2,65.0,Old Town,No,6.0,93400.0
P00936,1975.0,4,3,69.0,Hillcrest,Yes,1.1,271000.0
P00937,1676.0,3,2,56.0,Old Town,Yes,6.8,191700.0
P00938,1520.0,2,1,35.0,Harbour,No,7.6,238800.0
P00939,1231.0,3,1,42.0,Harbour,No,3.8,221200.0
P00940,1286.0,2,1,4.0,Riverside,Yes,2.0,233400.0
P00941,1055.0,2,1,14.0,Old Town,No,6.6,105000.0
P00942,1304.0,3,2,48.0,Riverside,No,20.0,160300.0
P00943,1618.0,2,1,22.0,Harbour,Yes,7.1,306900.0
P00944,1918.0,4,2,46.0,Riverside,Yes,7.9,281900.0
P00945,862.0,2,1,14.0,Hillcrest,No,3.2,126900.0
P00946,1120.0,2,1,49.0,Greenfield,Yes,4.2,136400.0
P00947,1328.0,2,1,40.0,Eastgate,No,4.9,117200.0
P00948,823.0,1,1,26.0,Harbour,Yes,0.8,165500.0
P00949,1488.0,2,1,6.0,Harbour,Yes,2.7,290300.0
P00950,1500.0,3,2,19.0,Greenfield,No,25.0,134500.0
P00951,1536.0,2,2,55.0,Greenfield,Yes,5.5,158700.0
P00952,1834.0,3,2,67.0,Old Town,No,5.6,198700.0
P00953,2096.0,4,2,45.0,Greenfield,Yes,16.0,220800.0
P00954,2026.0,3,1,60.0,Harbour,No,6.1,307700.0
P00955,1768.0,3,2,55.0,Old Town,No,11.2,198500.0
P00956,1922.0,3,2,22.0,Riverside,Yes,6.8,302600.0
P00957,1238.0,2,1,49.0,Greenfield,No,8.2,122800.0
P00958,1165.0,3,2,14.0,Riverside,Yes,2.4,215800.0
P00959,1950.0,3,1,46.0,Hillcrest,Yes,6.6,270300.0
P00960,1910.0,4,3,38.0,Old Town,Yes,9.7,291500.0
P00961,2715.0,5,2,22.0,Harbour,Yes,8.0,491500.0
P00962,1519.0,3,1,12.0,Eastgate,Yes,3.3,163000.0
P00963,1142.0,1,1,63.0,Old Town,No,9.4,63300.0
P00964,1775.0,2,1,8.0,Hillcrest,No,1.8,284500.0
P00965,1408.0,2,2,53.0,Old Town,No,2.9,166700.0
P00966,1190.0,1,1,21.0,Hillcrest,Yes,14.0,129900.0
P00967,2305.0,4,3,8.0,Greenfield,Yes,1.8,326100.0
P00968,2583.0,4,2,18.0,Harbour,Yes,12.7,428600.0
P00969,1814.0,2,1,16.0,Greenfield,Yes,4.7,249600.0
P00970,1308.0,2,1,1.0,Eastgate,Yes,7.9,151700.0
P00971,1757.0,3,2,6.0,Greenfield,Yes,12.6,220200.0
P00972,1604.0,2,1,36.0,Old Town,Yes,28.6,121500.0
P00973,944.0,2,1,47.0,Harbour,No,7.2,146200.0
P00974,2044.0,4,2,48.0,Eastgate,Yes,5.3,211600.0
P00975,1802.0,3,1,31.0,Eastgate,Yes,2.5,150200.0
P00976,2252.0,4,2,37.0,Riverside,Yes,4.2,343500.0
P00977,1357.0,1,1,16.0,Eastgate,Yes,11.9,127200.0
P00978,1623.0,2,2,9.0,Old Town,Yes,7.9,235500.0
P00979,1574.0,3,2,49.0,Eastgate,No,6.4,123100.0
P00980,779.0,1,1,52.0,Riverside,Yes,14.5,78100.0
P00981,2875.0,6,4,7.0,Harbour,Yes,6.3,582300.0
P00982,597.0,1,1,7.0,Hillcrest,No,7.9,73000.0
P00983,1065.0,1,1,69.0,Eastgate,No,7.6,44300.0
P00984,1456.0,3,2,16.0,Riverside,No,5.6,197900.0
P00985,858.0,2,2,66.0,Riverside,No,6.0,70600.0
P00986,1841.0,3,1,41.0,Old Town,No,13.8,195700.0
P00987,1403.0,2,2,6.0,Harbour,No,11.6,212400.0
P00988,1670.0,3,2,47.0,Eastgate,Yes,11.1,162000.0
P00989,1750.0,3,2,47.0,Eastgate,No,5.5,176900.0
P00990,1671.0,3,2,23.0,Hillcrest,Yes,4.1,244600.0
P00991,1683.0,2,2,42.0,Eastgate,Yes,7.2,156000.0
P00992,1560.0,2,1,63.0,Harbour,Yes,20.4,172100.0
P00993,1847.0,4,2,21.0,Hillcrest,Yes,7.8,306500.0
P00994,2037.0,3,2,53.0,Hillcrest,No,3.7,283200.0
P00995,1509.0,3,2,23.0,Riverside,Yes,8.4,210500.0
P00996,1415.0,3,1,39.0,Hillcrest,Yes,17.0,152300.0
P00997,1438.0,2,2,66.0,Harbour,No,2.0,240700.0
P00998,1790.0,4,3,46.0,Harbour,No,13.0,270400.0
P00999,1455.0,2,2,5.0,Eastgate,No,10.2,180600.0
P01000,1448.0,3,1,66.0,Riverside,Yes,3.6,195300.0
P01001,889.0,1,1,63.0,Greenfield,Yes,9.8,81800.0
P01002,2597.0,3,2,54.0,Harbour,No,2.1,404100.0
P01003,1026.0,2,2,34.0,Old Town,Yes,12.5,122900.0
P01004,2474.0,5,3,46.0,Hillcrest,Yes,8.5,363700.0
P01005,2036.0,5,3,38.0,Greenfield,No,1.0,264400.0
P01006,2150.0,3,1,5.0,Eastgate,Yes,3.5,240300.0
P01007,1770.0,3,2,35.0,Eastgate,Yes,2.5,216100.0
P01008,1886.0,3,2,20.0,Greenfield,Yes,7.7,237400.0
P01009,1786.0,1,1,55.0,Old Town,No,2.5,214400.0
P01010,1937.0,4,2,8.0,Old Town,No,12.0,253500.0
P01011,2060.0,3,2,13.0,Eastgate,Yes,14.6,208800.0
P01012,2402.0,5,3,50.0,Greenfield,No,13.2,284900.0
P01013,1149.0,2,1,16.0,Eastgate,Yes,3.7,136100.0
P01014,1888.0,3,1,37.0,Riverside,Yes,10.8,280400.0
P01015,2450.0,4,2,7.0,Harbour,Yes,1.2,474200.0
P01016,2341.0,4,3,68.0,Greenfield,Yes,8.1,267400.0
P01017,1134.0,2,2,31.0,Harbour,Yes,6.4,185800.0
P01018,1802.0,3,1,17.0,Eastgate,Yes,13.2,152700.0
P01019,1786.0,5,2,2.0,Hillcrest,Yes,7.5,288600.0
P01020,1771.0,3,2,33.0,Greenfield,Yes,7.8,233700.0
P01021,522.0,1,1,67.0,Riverside,No,6.1,40000.0
P01022,2080.0,4,2,13.0,Greenfield,No,2.7,275700.0
P01023,844.0,2,1,30.0,Riverside,Yes,5.7,144000.0
P01024,2743.0,5,2,15.0,Riverside,Yes,1.6,448400.0
P01025,1978.0,3,2,24.0,Harbour,Yes,5.5,359700.0
P01026,1601.0,2,2,6.0,Hillcrest,No,8.6,215900.0
P01027,1968.0,3,1,65.0,Riverside,No,9.7,250700.0
P01028,1723.0,2,1,65.0,Harbour,Yes,11.7,197000.0
P01029,1385.0,2,1,60.0,Old Town,Yes,5.9,142900.0
P01030,1606.0,3,2,63.0,Old Town,No,6.3,166800.0
P01031,1827.0,3,2,15.0,Riverside,No,7.6,274000.0
P01032,1250.0,3,2,68.0,Hillcrest,No,7.3,118300.0
P01033,2011.0,4,3,5.0,Hillcrest,Yes,9.7,354000.0
P01034,2213.0,3,2,58.0,Harbour,No,3.2,335300.0
P01035,2192.0,4,2,50.0,Harbour,No,9.5,333200.0
P01036,2246.0,5,4,33.0,Old Town,Yes,9.7,303200.0
P01037,2307.0,3,2,25.0,Old Town,No,9.2,272300.0
P01038,2009.0,4,3,16.0,Hillcrest,Yes,3.8,311100.0
P01039,2313.0,6,3,57.0,Old Town,No,3.9,288700.0
P01040,1687.0,4,2,40.0,Riverside,Yes,5.8,272000.0
P01041,1862.0,2,2,26.0,Old Town,No,6.9,224800.0
P01042,2370.0,4,2,19.0,Hillcrest,No,10.4,320100.0
P01043,2631.0,4,3,21.0,Greenfield,Yes,7.3,341300.0
P01044,1481.0,4,2,57.0,Greenfield,Yes,7.0,153100.0
P01045,928.0,1,2,32.0,Old Town,No,18.3,52500.0
P01046,2736.0,4,3,13.0,Old Town,No,6.2,374600.0
P01047,2240.0,4,2,3.0,Hillcrest,Yes,7.5,352700.0
P01048,2577.0,3,2,67.0,Harbour,Yes,8.2,391600.0
P01049,2114.0,1,1,12.0,Harbour,Yes,7.6,338500.0
P01050,1780.0,3,2,29.0,Eastgate,Yes,6.4,217200.0
P01051,1339.0,3,2,10.0,Riverside,No,6.7,222100.0
P01052,1176.0,2,1,45.0,Harbour,No,8.4,158000.0
P01053,2391.0,4,2,49.0,Hillcrest,No,9.0,331800.0
P01054,2156.0,4,3,32.0,Riverside,No,3.5,324500.0
P01055,1820.0,4,3,21.0,Greenfield,No,2.9,260100.0
P01056,1099.0,1,1,37.0,Eastgate,Yes,5.2,103200.0
P01057,1396.0,3,2,57.0,Riverside,Yes,8.6,191800.0
P01058,1347.0,3,2,37.0,Harbour,No,14.5,161300.0
P01059,1508.0,3,3,66.0,Eastgate,No,5.0,119500.0
P01060,450.0,1,1,18.0,Old Town,No,4.1,48800.0
P01061,1774.0,3,1,34.0,Harbour,Yes,12.6,273800.0
P01062,2449.0,4,3,60.0,Old Town,Yes,9.1,341000.0
P01063,1385.0,3,3,13.0,Harbour,Yes,0.8,288600.0
P01064,1674.0,3,2,56.0,Hillcrest,No,4.4,208700.0
P01065,1800.0,3,2,1.0,Greenfield,Yes,5.8,245000.0
P01066,1156.0,2,1,63.0,Greenfield,No,3.7,73900.0
P01067,1878.0,3,1,67.0,Eastgate,Yes,9.9,151900.0
P01068,1250.0,2,2,11.0,Riverside,Yes,6.3,213700.0
P01069,1439.0,2,1,8.0,Hillcrest,Yes,9.3,236300.0
P01070,1788.0,4,2,44.0,Riverside,Yes,5.2,297000.0
P01071,1633.0,4,2,52.0,Harbour,No,10.4,229100.0
P01072,1709.0,3,1,18.0,Harbour,Yes,5.1,289300.0
P01073,1195.0,2,2,1.0,Hillcrest,Yes,8.1,192500.0
P01074,2029.0,3,3,52.0,Eastgate,Yes,17.3,176200.0
P01075,1112.0,2,1,64.0,Harbour,Yes,2.4,193400.0
P01076,2089.0,3,2,10.0,Hillcrest,Yes,3.9,337900.0
P01077,1417.0,3,3,39.0,Old Town,No,12.9,167500.0
P01078,1060.0,2,1,38.0,Hillcrest,Yes,1.5,134800.0
P01079,1616.0,3,2,46.0,Eastgate,Yes,8.9,137800.0
P01080,1126.0,1,1,32.0,Riverside,No,2.1,144000.0
P01081,1392.0,2,2,43.0,Eastgate,Yes,4.2,94100.0
P01082,1585.0,2,1,5.0,Hillcrest,Yes,2.4,238700.0
P01083,2057.0,4,2,16.0,Riverside,Yes,1.1,347700.0
P01084,2064.0,3,2,54.0,Greenfield,No,12.8,234500.0
P01085,1904.0,4,2,8.0,Old Town,No,4.4,247000.0
P01086,1517.0,1,1,10.0,Old Town,No,7.6,202500.0
P01087,889.0,1,1,58.0,Riverside,Yes,8.3,78400.0
P01088,1547.0,2,1,65.0,Old Town,No,7.3,160600.0
P01089,1498.0,1,1,38.0,Riverside,No,13.2,152100.0
P01090,1595.0,2,1,44.0,Hillcrest,Yes,11.5,193900.0
P01091,1394.0,1,1,39.0,Greenfield,No,1.2,158700.0
P01092,1395.0,2,1,49.0,Riverside,Yes,7.3,223800.0
P01093,2069.0,3,1,7.0,Greenfield,No,3.0,246100.0
P01094,985.0,2,1,53.0,Riverside,Yes,2.8,124200.0
P01095,1666.0,2,1,66.0,Harbour,No,6.3,206900.0
P01096,2300.0,3,1,15.0,Eastgate,No,8.1,219100.0
P01097,1270.0,2,1,48.0,Greenfield,No,6.5,115600.0
P01098,1161.0,2,1,50.0,Harbour,No,16.1,116000.0
P01099,1547.0,3,1,29.0,Eastgate,No,11.0,132700.0
P01100,1487.0,3,2,25.0,Riverside,Yes,17.5,181100.0
P01101,1794.0,4,3,3.0,Old Town,Yes,4.1,298700.0
P01102,2348.0,4,2,2.0,Eastgate,Yes,8.1,243400.0
P01103,1597.0,3,2,32.0,Hillcrest,No,7.9,207800.0
P01104,1944.0,3,2,23.0,Hillcrest,Yes,8.7,296900.0
P01105,1366.0,2,2,68.0,Eastgate,Yes,8.7,88200.0
P01106,1413.0,3,1,23.0,Riverside,No,1.0,214500.0
P01107,1810.0,3,2,53.0,Riverside,No,6.3,244300.0
P01108,1320.0,1,1,5.0,Greenfield,Yes,4.2,171200.0
P01109,2270.0,5,3,1.0,Riverside,No,3.8,389900.0
P01110,1455.0,1,1,10.0,Harbour,No,10.1,220600.0
P01111,1578.0,2,1,52.0,Riverside,Yes,2.3,228100.0
P01112,1131.0,3,1,27.0,Old Town,No,2.9,128500.0
P01113,1439.0,2,1,60.0,Harbour,No,9.5,166100.0
P01114,1152.0,2,1,3.0,Eastgate,Yes,6.3,145000.0
P01115,1412.0,3,1,17.0,Harbour,Yes,4.2,249700.0
P01116,758.0,1,1,55.0,Greenfield,Yes,4.2,42400.0
P01117,1655.0,2,1,58.0,Old Town,No,5.6,185000.0
P01118,2547.0,5,4,48.0,Old Town,Yes,8.5,368800.0
P01119,706.0,1,1,68.0,Eastgate,Yes,18.1,40000.0
P01120,2544.0,3,2,39.0,Hillcrest,Yes,2.7,359500.0
P01121,1598.0,2,1,29.0,Greenfield,Yes,3.0,182200.0
P01122,2110.0,4,3,33.0,Harbour,Yes,2.4,422300.0
P01123,1146.0,2,1,7.0,Eastgate,Yes,7.8,148000.0
P01124,2692.0,4,2,63.0,Greenfield,Yes,2.2,331300.0
P01125,1111.0,3,2,25.0,Eastgate,Yes,1.2,126300.0
P01126,1620.0,3,1,47.0,Riverside,No,5.8,211400.0
P01127,2452.0,5,2,63.0,Old Town,Yes,15.6,278900.0
P01128,1008.0,2,1,68.0,Old Town,Yes,8.6,68800.0
P01129,468.0,2,2,32.0,Riverside,Yes,7.4,73400.0
P01130,1622.0,2,2,4.0,Eastgate,Yes,4.9,194800.0
P01131,1267.0,3,2,20.0,Harbour,No,7.0,227100.0
P01132,1162.0,3,2,65.0,Greenfield,No,5.5,109500.0
P01133,1191.0,2,1,30.0,Riverside,Yes,6.1,208200.0
P01134,910.0,2,1,63.0,Eastgate,No,10.0,40000.0
P01135,2374.0,3,1,58.0,Harbour,No,5.0,371100.0
P01136,2281.0,4,3,11.0,Greenfield,No,3.2,299000.0
P01137,961.0,2,1,42.0,Eastgate,No,10.8,81700.0
P01138,1604.0,2,2,37.0,Riverside,Yes,8.1,216300.0
P01139,1423.0,1,1,8.0,Riverside,No,23.0,198500.0
P01140,2221.0,4,2,8.0,Harbour,No,9.5,416000.0
P01141,1229.0,2,1,22.0,Eastgate,Yes,11.2,90300.0
P01142,2488.0,4,2,60.0,Eastgate,Yes,5.3,268800.0
P01143,1659.0,3,2,20.0,Greenfield,Yes,2.1,229100.0
P01144,1254.0,3,1,55.0,Eastgate,No,8.9,110200.0
P01145,1611.0,4,2,53.0,Harbour,Yes,1.5,280000.0
P01146,1358.0,3,2,6.0,Harbour,Yes,1.7,282200.0
P01147,2815.0,4,3,35.0,Harbour,Yes,4.3,480800.0
P01148,1733.0,3,2,33.0,Eastgate,No,16.7,144100.0
P01149,1409.0,3,2,5.0,Eastgate,No,4.1,162100.0
P01150,1705.0,3,1,24.0,Hillcrest,No,6.9,195300.0
P01151,2414.0,5,3,1.0,Greenfield,Yes,3.5,333300.0
P01152,1162.0,2,1,44.0,Old Town,No,4.8,123200.0
P01153,791.0,1,1,25.0,Harbour,No,2.7,122700.0
P01154,2330.0,4,2,36.0,Eastgate,Yes,2.9,244200.0
P01155,1971.0,2,2,39.0,Greenfield,No,4.7,245200.0
P01156,1424.0,3,2,59.0,Eastgate,Yes,10.7,116300.0
P01157,1614.0,3,1,40.0,Riverside,Yes,2.9,252200.0
P01158,2225.0,5,4,56.0,Greenfield,No,3.8,298600.0
P01159,450.0,1,1,26.0,Harbour,No,14.4,40000.0
P01160,2311.0,4,2,38.0,Hillcrest,Yes,3.8,354500.0
P01161,1565.0,3,2,28.0,Riverside,Yes,4.7,251200.0
P01162,2004.0,3,1,4.0,Hillcrest,Yes,9.4,279900.0
P01163,1628.0,3,2,21.0,Greenfield,No,3.8,232200.0
P01164,3249.0,6,4,53.0,Old Town,No,5.8,470300.0
P01165,1335.0,3,1,11.0,Eastgate,No,7.7,131600.0
P01166,2222.0,4,2,12.0,Old Town,No,8.1,326100.0
P01167,450.0,1,1,23.0,Hillcrest,No,13.4,41800.0
P01168,1674.0,3,3,34.0,Greenfield,Yes,10.0,208400.0
P01169,2061.0,3,2,46.0,Hillcrest,Yes,5.0,320700.0
P01170,856.0,2,1,42.0,Hillcrest,Yes,4.4,104500.0
P01171,605.0,1,1,20.0,Eastgate,Yes,3.2,54800.0
P01172,1704.0,2,1,49.0,Hillcrest,Yes,6.6,210000.0
P01173,2177.0,3,1,63.0,Hillcrest,No,6.1,250700.0
P01174,2267.0,4,2,56.0,Old Town,No,7.1,267100.0
P01175,1299.0,3,1,39.0,Hillcrest,Yes,2.6,176600.0
P01176,1833.0,4,1,25.0,Harbour,Yes,11.6,285100.0
P01177,922.0,1,1,11.0,Greenfield,No,12.7,99700.0
P01178,2557.0,5,3,58.0,Riverside,No,2.0,361800.0
P01179,1357.0,3,2,32.0,Eastgate,No,6.3,153600.0
P01180,2314.0,3,2,32.0,Greenfield,Yes,3.4,303200.0
P01181,1513.0,3,1,12.0,Riverside,Yes,16.6,214000.0
P01182,1482.0,4,2,0.0,Greenfield,Yes,7.6,211100.0
P01183,2493.0,4,3,9.0,Harbour,No,11.3,431600.0
P01184,1201.0,3,1,18.0,Old Town,Yes,4.0,177500.0
P01185,2323.0,3,1,7.0,Old Town,Yes,1.9,368800.0
P01186,1468.0,2,1,39.0,Greenfield,No,11.1,145400.0
P01187,1197.0,3,2,11.0,Hillcrest,No,9.0,166600.0
P01188,1218.0,2,1,19.0,Harbour,No,3.0,232100.0
P01189,2237.0,4,2,13.0,Riverside,Yes,3.5,373500.0
P01190,1610.0,3,2,56.0,Old Town,Yes,2.8,201600.0
P01191,1468.0,2,2,67.0,Riverside,No,1.2,219300.0
P01192,869.0,3,2,19.0,Riverside,No,3.8,157600.0
P01193,2261.0,4,2,3.0,Harbour,Yes,17.2,422500.0
P01194,2196.0,3,2,4.0,Old Town,Yes,12.4,321100.0
P01195,1819.0,3,1,31.0,Harbour,Yes,7.5,311400.0
P01196,2055.0,3,2,67.0,Harbour,Yes,14.1,303300.0
P01197,450.0,1,1,45.0,Harbour,Yes,5.7,59700.0
P01198,1375.0,3,2,37.0,Eastgate,No,6.5,171000.0
P01199,1735.0,3,1,4.0,Harbour,Yes,10.1,292400.0
